logoName,fileName,brand
Adidas1.png,Adidas1.png,Adidas1.png
Adidas10.png,Adidas10.png,Adidas10.png
Adidas11.png,Adidas11.png,Adidas11.png
Adidas12.png,Adidas12.png,Adidas12.png
Adidas13.png,Adidas13.png,Adidas13.png
Adidas14.png,Adidas14.png,Adidas14.png
Adidas15.png,Adidas15.png,Adidas15.png
Adidas16.png,Adidas16.png,Adidas16.png
Adidas17.png,Adidas17.png,Adidas17.png
Adidas18.png,Adidas18.png,Adidas18.png
Adidas19.png,Adidas19.png,Adidas19.png
Adidas2.png,Adidas2.png,Adidas2.png
Adidas20.png,Adidas20.png,Adidas20.png
Adidas21.png,Adidas21.png,Adidas21.png
Adidas22.png,Adidas22.png,Adidas22.png
Adidas23.png,Adidas23.png,Adidas23.png
Adidas24.png,Adidas24.png,Adidas24.png
Adidas25.png,Adidas25.png,Adidas25.png
Adidas3.png,Adidas3.png,Adidas3.png
Adidas4.png,Adidas4.png,Adidas4.png
Adidas5.png,Adidas5.png,Adidas5.png
Adidas6.png,Adidas6.png,Adidas6.png
Adidas7.png,Adidas7.png,Adidas7.png
Adidas8.png,Adidas8.png,Adidas8.png
Adidas9.png,Adidas9.png,Adidas9.png
Amazon1.png,Amazon1.png,Amazon1.png
Amazon10.png,Amazon10.png,Amazon10.png
Amazon11.png,Amazon11.png,Amazon11.png
Amazon12.png,Amazon12.png,Amazon12.png
Amazon13.png,Amazon13.png,Amazon13.png
Amazon14.jpg,Amazon14.jpg,Amazon14.jpg
Amazon15.png,Amazon15.png,Amazon15.png
Amazon16.png,Amazon16.png,Amazon16.png
Amazon17.png,Amazon17.png,Amazon17.png
Amazon18.png,Amazon18.png,Amazon18.png
Amazon19.png,Amazon19.png,Amazon19.png
Amazon20.png,Amazon20.png,Amazon20.png
Amazon21.png,Amazon21.png,Amazon21.png
Amazon22.png,Amazon22.png,Amazon22.png
Amazon23.png,Amazon23.png,Amazon23.png
Amazon24.png,Amazon24.png,Amazon24.png
Amazon25.png,Amazon25.png,Amazon25.png
Amazon26.png,Amazon26.png,Amazon26.png
Amazon2,Amazon2_1.png,Amazon2_1.png
Amazon3.jpg,Amazon3.jpg,Amazon3.jpg
Amazon4,Amazon4_1.png,Amazon4_1.png
Amazon5.png,Amazon5.png,Amazon5.png
Amazon6.png,Amazon6.png,Amazon6.png
Amazon7.png,Amazon7.png,Amazon7.png
Amazon8.png,Amazon8.png,Amazon8.png
Amazon9.png,Amazon9.png,Amazon9.png
Apple1.png,Apple1.png,Apple1.png
Apple10.png,Apple10.png,Apple10.png
Apple11.png,Apple11.png,Apple11.png
Apple12.png,Apple12.png,Apple12.png
Apple13.png,Apple13.png,Apple13.png
Apple14.png,Apple14.png,Apple14.png
Apple15.png,Apple15.png,Apple15.png
Apple16.png,Apple16.png,Apple16.png
Apple17.png,Apple17.png,Apple17.png
Apple18.png,Apple18.png,Apple18.png
Apple19.png,Apple19.png,Apple19.png
Apple2.png,Apple2.png,Apple2.png
Apple20.png,Apple20.png,Apple20.png
Apple21.jpg,Apple21.jpg,Apple21.jpg
Apple22.png,Apple22.png,Apple22.png
Apple23.jpg,Apple23.jpg,Apple23.jpg
Apple24.png,Apple24.png,Apple24.png
Apple25.png,Apple25.png,Apple25.png
Apple26.png,Apple26.png,Apple26.png
Apple27.png,Apple27.png,Apple27.png
Apple28.png,Apple28.png,Apple28.png
Apple29.png,Apple29.png,Apple29.png
Apple3.png,Apple3.png,Apple3.png
Apple30.png,Apple30.png,Apple30.png
Apple31.png,Apple31.png,Apple31.png
Apple4.png,Apple4.png,Apple4.png
Apple5.png,Apple5.png,Apple5.png
Apple6.png,Apple6.png,Apple6.png
Apple7,Apple7_1.png,Apple7_1.png
Apple8,Apple8_1.png,Apple8_1.png
Apple9.png,Apple9.png,Apple9.png
Bmw1.png,Bmw1.png,Bmw1.png
Bmw10.png,Bmw10.png,Bmw10.png
Bmw11.png,Bmw11.png,Bmw11.png
Bmw12.png,Bmw12.png,Bmw12.png
Bmw13.png,Bmw13.png,Bmw13.png
Bmw14.png,Bmw14.png,Bmw14.png
Bmw15.png,Bmw15.png,Bmw15.png
Bmw16.png,Bmw16.png,Bmw16.png
Bmw17.png,Bmw17.png,Bmw17.png
Bmw18.png,Bmw18.png,Bmw18.png
Bmw19.png,Bmw19.png,Bmw19.png
Bmw2.png,Bmw2.png,Bmw2.png
Bmw20.png,Bmw20.png,Bmw20.png
Bmw21.png,Bmw21.png,Bmw21.png
Bmw21,Bmw21_64x64.jpg,Bmw21_64x64.jpg
Bmw22.png,Bmw22.png,Bmw22.png
Bmw22,Bmw22_64x64.jpg,Bmw22_64x64.jpg
Bmw23.png,Bmw23.png,Bmw23.png
Bmw24.png,Bmw24.png,Bmw24.png
Bmw3.png,Bmw3.png,Bmw3.png
Bmw4.png,Bmw4.png,Bmw4.png
Bmw5.png,Bmw5.png,Bmw5.png
Bmw6.png,Bmw6.png,Bmw6.png
Bmw7.png,Bmw7.png,Bmw7.png
Bmw8.png,Bmw8.png,Bmw8.png
Bmw9.png,Bmw9.png,Bmw9.png
Coca-Cola.png,Coca-Cola.png,Coca
Coca-Cola,Coca-Cola_0.png,Coca
Coca-Cola,Coca-Cola_1.png,Coca
Coca-Cola,Coca-Cola_10.png,Coca
Coca-Cola,Coca-Cola_11.png,Coca
Coca-Cola,Coca-Cola_12.png,Coca
Coca-Cola,Coca-Cola_13.png,Coca
Coca-Cola,Coca-Cola_14.png,Coca
Coca-Cola,Coca-Cola_15.png,Coca
Coca-Cola,Coca-Cola_16.png,Coca
Coca-Cola,Coca-Cola_17.png,Coca
Coca-Cola,Coca-Cola_18.png,Coca
Coca-Cola,Coca-Cola_2.png,Coca
Coca-Cola,Coca-Cola_3.png,Coca
Coca-Cola,Coca-Cola_4.png,Coca
Coca-Cola,Coca-Cola_5.png,Coca
Coca-Cola,Coca-Cola_6.png,Coca
Coca-Cola,Coca-Cola_7.png,Coca
Coca-Cola,Coca-Cola_8.png,Coca
Coca-Cola,Coca-Cola_9.png,Coca
Disney1.png,Disney1.png,Disney1.png
Disney10.png,Disney10.png,Disney10.png
Disney11.png,Disney11.png,Disney11.png
Disney12.png,Disney12.png,Disney12.png
Disney13.png,Disney13.png,Disney13.png
Disney14.png,Disney14.png,Disney14.png
Disney15.png,Disney15.png,Disney15.png
Disney16.png,Disney16.png,Disney16.png
Disney17.png,Disney17.png,Disney17.png
Disney18.png,Disney18.png,Disney18.png
Disney19.png,Disney19.png,Disney19.png
Disney2.png,Disney2.png,Disney2.png
Disney20.png,Disney20.png,Disney20.png
Disney21.png,Disney21.png,Disney21.png
Disney22.png,Disney22.png,Disney22.png
Disney23.png,Disney23.png,Disney23.png
Disney24.png,Disney24.png,Disney24.png
Disney25.png,Disney25.png,Disney25.png
Disney26.png,Disney26.png,Disney26.png
Disney27.png,Disney27.png,Disney27.png
Disney28.png,Disney28.png,Disney28.png
Disney29.png,Disney29.png,Disney29.png
Disney3.png,Disney3.png,Disney3.png
Disney4.png,Disney4.png,Disney4.png
Disney5.png,Disney5.png,Disney5.png
Disney6.png,Disney6.png,Disney6.png
Disney7.png,Disney7.png,Disney7.png
Disney8.png,Disney8.png,Disney8.png
Disney9.png,Disney9.png,Disney9.png
Google1.jpg,Google1.jpg,Google1.jpg
Google10.png,Google10.png,Google10.png
Google11.jpg,Google11.jpg,Google11.jpg
Google12.png,Google12.png,Google12.png
Google13.png,Google13.png,Google13.png
Google14.png,Google14.png,Google14.png
Google15.jpg,Google15.jpg,Google15.jpg
Google16.png,Google16.png,Google16.png
Google17.png,Google17.png,Google17.png
Google18.png,Google18.png,Google18.png
Google19.jpg,Google19.jpg,Google19.jpg
Google2.jpg,Google2.jpg,Google2.jpg
Google20.png,Google20.png,Google20.png
Google21.png,Google21.png,Google21.png
Google22.jpg,Google22.jpg,Google22.jpg
Google23.jpg,Google23.jpg,Google23.jpg
Google23,Google23_128x128.jpg,Google23_128x128.jpg
Google24.jpg,Google24.jpg,Google24.jpg
Google25.png,Google25.png,Google25.png
Google26.png,Google26.png,Google26.png
Google27.jpg,Google27.jpg,Google27.jpg
Google28.png,Google28.png,Google28.png
Google29.png,Google29.png,Google29.png
Google3.jpg,Google3.jpg,Google3.jpg
Google30.png,Google30.png,Google30.png
Google30,Google30_64x64.jpg,Google30_64x64.jpg
Google31.png,Google31.png,Google31.png
Google32.png,Google32.png,Google32.png
Google33.jpg,Google33.jpg,Google33.jpg
Google33,Google33_256x256.jpg,Google33_256x256.jpg
Google34.png,Google34.png,Google34.png
Google35.png,Google35.png,Google35.png
Google36.png,Google36.png,Google36.png
Google37.png,Google37.png,Google37.png
Google38.png,Google38.png,Google38.png
Google39.jpg,Google39.jpg,Google39.jpg
Google4.jpg,Google4.jpg,Google4.jpg
Google40.png,Google40.png,Google40.png
Google41.png,Google41.png,Google41.png
Google42.png,Google42.png,Google42.png
Google43.png,Google43.png,Google43.png
Google44.jpg,Google44.jpg,Google44.jpg
Google45.png,Google45.png,Google45.png
Google46.png,Google46.png,Google46.png
Google47.png,Google47.png,Google47.png
Google48.png,Google48.png,Google48.png
Google49.png,Google49.png,Google49.png
Google5.png,Google5.png,Google5.png
Google50.jpg,Google50.jpg,Google50.jpg
Google51.jpg,Google51.jpg,Google51.jpg
Google52.jpg,Google52.jpg,Google52.jpg
Google53.jpg,Google53.jpg,Google53.jpg
Google54.jpg,Google54.jpg,Google54.jpg
Google55.jpg,Google55.jpg,Google55.jpg
Google55,Google55_64x64.jpg,Google55_64x64.jpg
Google56.jpg,Google56.jpg,Google56.jpg
Google57.jpg,Google57.jpg,Google57.jpg
Google58.jpg,Google58.jpg,Google58.jpg
Google6.png,Google6.png,Google6.png
Google7.png,Google7.png,Google7.png
Google8.jpg,Google8.jpg,Google8.jpg
Google9.png,Google9.png,Google9.png
Mastercard1.png,Mastercard1.png,Mastercard1.png
Mastercard10.png,Mastercard10.png,Mastercard10.png
Mastercard10,Mastercard10_64x64.jpg,Mastercard10_64x64.jpg
Mastercard11.png,Mastercard11.png,Mastercard11.png
Mastercard12.png,Mastercard12.png,Mastercard12.png
Mastercard13.png,Mastercard13.png,Mastercard13.png
Mastercard14.png,Mastercard14.png,Mastercard14.png
Mastercard15.png,Mastercard15.png,Mastercard15.png
Mastercard16.png,Mastercard16.png,Mastercard16.png
Mastercard17.png,Mastercard17.png,Mastercard17.png
Mastercard18.png,Mastercard18.png,Mastercard18.png
Mastercard19.png,Mastercard19.png,Mastercard19.png
Mastercard2.png,Mastercard2.png,Mastercard2.png
Mastercard20.png,Mastercard20.png,Mastercard20.png
Mastercard21.png,Mastercard21.png,Mastercard21.png
Mastercard22.png,Mastercard22.png,Mastercard22.png
Mastercard23.png,Mastercard23.png,Mastercard23.png
Mastercard3.png,Mastercard3.png,Mastercard3.png
Mastercard4.png,Mastercard4.png,Mastercard4.png
Mastercard8.png,Mastercard8.png,Mastercard8.png
Mastercard9.png,Mastercard9.png,Mastercard9.png
McDonald's.png,McDonald's.png,McDonald's.png
McDonald's,McDonald's_0.png,McDonald's_0.png
McDonald's,McDonald's_1.png,McDonald's_1.png
McDonald's,McDonald's_10.png,McDonald's_10.png
McDonald's,McDonald's_11.png,McDonald's_11.png
McDonald's,McDonald's_12.png,McDonald's_12.png
McDonald's,McDonald's_13.png,McDonald's_13.png
McDonald's,McDonald's_14.png,McDonald's_14.png
McDonald's,McDonald's_15.png,McDonald's_15.png
McDonald's,McDonald's_16.png,McDonald's_16.png
McDonald's,McDonald's_17.png,McDonald's_17.png
McDonald's,McDonald's_2.png,McDonald's_2.png
McDonald's,McDonald's_3.png,McDonald's_3.png
McDonald's,McDonald's_4.png,McDonald's_4.png
McDonald's,McDonald's_5.png,McDonald's_5.png
McDonald's,McDonald's_6.png,McDonald's_6.png
McDonald's,McDonald's_7.png,McDonald's_7.png
McDonald's,McDonald's_8.png,McDonald's_8.png
McDonald's,McDonald's_9.png,McDonald's_9.png
Mercedes1.png,Mercedes1.png,Mercedes1.png
Mercedes10.png,Mercedes10.png,Mercedes10.png
Mercedes11.png,Mercedes11.png,Mercedes11.png
Mercedes12.png,Mercedes12.png,Mercedes12.png
Mercedes13.png,Mercedes13.png,Mercedes13.png
Mercedes14.png,Mercedes14.png,Mercedes14.png
Mercedes15.png,Mercedes15.png,Mercedes15.png
Mercedes16.png,Mercedes16.png,Mercedes16.png
Mercedes17.png,Mercedes17.png,Mercedes17.png
Mercedes17,Mercedes17_128x128.jpg,Mercedes17_128x128.jpg
Mercedes18.png,Mercedes18.png,Mercedes18.png
Mercedes19.jpg,Mercedes19.jpg,Mercedes19.jpg
Mercedes2.png,Mercedes2.png,Mercedes2.png
Mercedes20.png,Mercedes20.png,Mercedes20.png
Mercedes21.png,Mercedes21.png,Mercedes21.png
Mercedes22.png,Mercedes22.png,Mercedes22.png
Mercedes23.png,Mercedes23.png,Mercedes23.png
Mercedes24.png,Mercedes24.png,Mercedes24.png
Mercedes25.png,Mercedes25.png,Mercedes25.png
Mercedes26.png,Mercedes26.png,Mercedes26.png
Mercedes27.png,Mercedes27.png,Mercedes27.png
Mercedes28.png,Mercedes28.png,Mercedes28.png
Mercedes29.png,Mercedes29.png,Mercedes29.png
Mercedes3.png,Mercedes3.png,Mercedes3.png
Mercedes30.png,Mercedes30.png,Mercedes30.png
Mercedes4.png,Mercedes4.png,Mercedes4.png
Mercedes5.png,Mercedes5.png,Mercedes5.png
Mercedes6,Mercedes6_1.png,Mercedes6_1.png
Mercedes7.png,Mercedes7.png,Mercedes7.png
Mercedes8.png,Mercedes8.png,Mercedes8.png
Mercedes9.png,Mercedes9.png,Mercedes9.png
Microsoft1.png,Microsoft1.png,Microsoft1.png
Microsoft10.png,Microsoft10.png,Microsoft10.png
Microsoft11.jpg,Microsoft11.jpg,Microsoft11.jpg
Microsoft12.png,Microsoft12.png,Microsoft12.png
Microsoft13.png,Microsoft13.png,Microsoft13.png
Microsoft14.png,Microsoft14.png,Microsoft14.png
Microsoft15.png,Microsoft15.png,Microsoft15.png
Microsoft16.png,Microsoft16.png,Microsoft16.png
Microsoft17.png,Microsoft17.png,Microsoft17.png
Microsoft18.png,Microsoft18.png,Microsoft18.png
Microsoft19.png,Microsoft19.png,Microsoft19.png
Microsoft2.png,Microsoft2.png,Microsoft2.png
Microsoft20.png,Microsoft20.png,Microsoft20.png
Microsoft21.png,Microsoft21.png,Microsoft21.png
Microsoft22.png,Microsoft22.png,Microsoft22.png
Microsoft23.png,Microsoft23.png,Microsoft23.png
Microsoft24.png,Microsoft24.png,Microsoft24.png
Microsoft25.png,Microsoft25.png,Microsoft25.png
Microsoft3.png,Microsoft3.png,Microsoft3.png
Microsoft4.png,Microsoft4.png,Microsoft4.png
Microsoft5.png,Microsoft5.png,Microsoft5.png
Microsoft6.png,Microsoft6.png,Microsoft6.png
Microsoft7.png,Microsoft7.png,Microsoft7.png
Microsoft8.png,Microsoft8.png,Microsoft8.png
Microsoft9.png,Microsoft9.png,Microsoft9.png
Netflix1.png,Netflix1.png,Netflix1.png
Netflix10.png,Netflix10.png,Netflix10.png
Netflix11.png,Netflix11.png,Netflix11.png
Netflix12.png,Netflix12.png,Netflix12.png
Netflix13.png,Netflix13.png,Netflix13.png
Netflix14.png,Netflix14.png,Netflix14.png
Netflix15.png,Netflix15.png,Netflix15.png
Netflix16.png,Netflix16.png,Netflix16.png
Netflix17.png,Netflix17.png,Netflix17.png
Netflix18.png,Netflix18.png,Netflix18.png
Netflix19.png,Netflix19.png,Netflix19.png
Netflix2.png,Netflix2.png,Netflix2.png
Netflix20.png,Netflix20.png,Netflix20.png
Netflix21.png,Netflix21.png,Netflix21.png
Netflix22.png,Netflix22.png,Netflix22.png
Netflix23.png,Netflix23.png,Netflix23.png
Netflix24.png,Netflix24.png,Netflix24.png
Netflix3.png,Netflix3.png,Netflix3.png
Netflix4.png,Netflix4.png,Netflix4.png
Netflix5.png,Netflix5.png,Netflix5.png
Netflix6.png,Netflix6.png,Netflix6.png
Netflix7.png,Netflix7.png,Netflix7.png
Netflix8.png,Netflix8.png,Netflix8.png
Netflix9.png,Netflix9.png,Netflix9.png
Nike1.png,Nike1.png,Nike1.png
Nike10.png,Nike10.png,Nike10.png
Nike11.png,Nike11.png,Nike11.png
Nike12.jpg,Nike12.jpg,Nike12.jpg
Nike13.png,Nike13.png,Nike13.png
Nike14.png,Nike14.png,Nike14.png
Nike15.png,Nike15.png,Nike15.png
Nike16.png,Nike16.png,Nike16.png
Nike17.png,Nike17.png,Nike17.png
Nike18.png,Nike18.png,Nike18.png
Nike19.png,Nike19.png,Nike19.png
Nike2.png,Nike2.png,Nike2.png
Nike20.png,Nike20.png,Nike20.png
Nike21.png,Nike21.png,Nike21.png
Nike22.png,Nike22.png,Nike22.png
Nike23.png,Nike23.png,Nike23.png
Nike24.png,Nike24.png,Nike24.png
Nike25.png,Nike25.png,Nike25.png
Nike26.png,Nike26.png,Nike26.png
Nike27.png,Nike27.png,Nike27.png
Nike28.png,Nike28.png,Nike28.png
Nike29.png,Nike29.png,Nike29.png
Nike3.png,Nike3.png,Nike3.png
Nike30.png,Nike30.png,Nike30.png
Nike31.png,Nike31.png,Nike31.png
Nike32.png,Nike32.png,Nike32.png
Nike33.png,Nike33.png,Nike33.png
Nike34.png,Nike34.png,Nike34.png
Nike35.png,Nike35.png,Nike35.png
Nike4.png,Nike4.png,Nike4.png
Nike5.png,Nike5.png,Nike5.png
Nike6.png,Nike6.png,Nike6.png
Nike7.png,Nike7.png,Nike7.png
Nike8.png,Nike8.png,Nike8.png
Nike9.png,Nike9.png,Nike9.png
Pepsi1.png,Pepsi1.png,Pepsi1.png
Pepsi10.png,Pepsi10.png,Pepsi10.png
Pepsi11.png,Pepsi11.png,Pepsi11.png
Pepsi12.png,Pepsi12.png,Pepsi12.png
Pepsi13.png,Pepsi13.png,Pepsi13.png
Pepsi14.png,Pepsi14.png,Pepsi14.png
Pepsi15.png,Pepsi15.png,Pepsi15.png
Pepsi16.png,Pepsi16.png,Pepsi16.png
Pepsi17.png,Pepsi17.png,Pepsi17.png
Pepsi18.png,Pepsi18.png,Pepsi18.png
Pepsi19.png,Pepsi19.png,Pepsi19.png
Pepsi2.png,Pepsi2.png,Pepsi2.png
Pepsi20.png,Pepsi20.png,Pepsi20.png
Pepsi21.png,Pepsi21.png,Pepsi21.png
Pepsi22.png,Pepsi22.png,Pepsi22.png
Pepsi23.png,Pepsi23.png,Pepsi23.png
Pepsi24.png,Pepsi24.png,Pepsi24.png
Pepsi25.png,Pepsi25.png,Pepsi25.png
Pepsi3.png,Pepsi3.png,Pepsi3.png
Pepsi4.png,Pepsi4.png,Pepsi4.png
Pepsi5.png,Pepsi5.png,Pepsi5.png
Pepsi6.png,Pepsi6.png,Pepsi6.png
Pepsi7.png,Pepsi7.png,Pepsi7.png
Pepsi8.png,Pepsi8.png,Pepsi8.png
Pepsi9.png,Pepsi9.png,Pepsi9.png
Samsung1.png,Samsung1.png,Samsung1.png
Samsung10.png,Samsung10.png,Samsung10.png
Samsung11.png,Samsung11.png,Samsung11.png
Samsung12.png,Samsung12.png,Samsung12.png
Samsung13.png,Samsung13.png,Samsung13.png
Samsung14.png,Samsung14.png,Samsung14.png
Samsung15.png,Samsung15.png,Samsung15.png
Samsung16.png,Samsung16.png,Samsung16.png
Samsung17.png,Samsung17.png,Samsung17.png
Samsung18.png,Samsung18.png,Samsung18.png
Samsung19.png,Samsung19.png,Samsung19.png
Samsung2.png,Samsung2.png,Samsung2.png
Samsung20.png,Samsung20.png,Samsung20.png
Samsung21.png,Samsung21.png,Samsung21.png
Samsung22.png,Samsung22.png,Samsung22.png
Samsung23.png,Samsung23.png,Samsung23.png
Samsung24.png,Samsung24.png,Samsung24.png
Samsung25.png,Samsung25.png,Samsung25.png
Samsung26.png,Samsung26.png,Samsung26.png
Samsung27.png,Samsung27.png,Samsung27.png
Samsung28.png,Samsung28.png,Samsung28.png
Samsung3.png,Samsung3.png,Samsung3.png
Samsung4.png,Samsung4.png,Samsung4.png
Samsung5.png,Samsung5.png,Samsung5.png
Samsung6.png,Samsung6.png,Samsung6.png
Samsung7.png,Samsung7.png,Samsung7.png
Samsung8.png,Samsung8.png,Samsung8.png
Samsung9.png,Samsung9.png,Samsung9.png
Sony1.png,Sony1.png,Sony1.png
Sony10.png,Sony10.png,Sony10.png
Sony11.png,Sony11.png,Sony11.png
Sony12.png,Sony12.png,Sony12.png
Sony13.png,Sony13.png,Sony13.png
Sony14.png,Sony14.png,Sony14.png
Sony15.png,Sony15.png,Sony15.png
Sony16.png,Sony16.png,Sony16.png
Sony17.png,Sony17.png,Sony17.png
Sony18.png,Sony18.png,Sony18.png
Sony19.png,Sony19.png,Sony19.png
Sony2.png,Sony2.png,Sony2.png
Sony20.png,Sony20.png,Sony20.png
Sony21.png,Sony21.png,Sony21.png
Sony22.png,Sony22.png,Sony22.png
Sony3.png,Sony3.png,Sony3.png
Sony4.png,Sony4.png,Sony4.png
Sony5.png,Sony5.png,Sony5.png
Sony6.png,Sony6.png,Sony6.png
Sony7.png,Sony7.png,Sony7.png
Sony8.png,Sony8.png,Sony8.png
Sony9.png,Sony9.png,Sony9.png
Tesla1.png,Tesla1.png,Tesla1.png
Tesla10.png,Tesla10.png,Tesla10.png
Tesla11.jpg,Tesla11.jpg,Tesla11.jpg
Tesla12.png,Tesla12.png,Tesla12.png
Tesla13.png,Tesla13.png,Tesla13.png
Tesla14.png,Tesla14.png,Tesla14.png
Tesla15.png,Tesla15.png,Tesla15.png
Tesla16.png,Tesla16.png,Tesla16.png
Tesla17.png,Tesla17.png,Tesla17.png
Tesla18.png,Tesla18.png,Tesla18.png
Tesla19.png,Tesla19.png,Tesla19.png
Tesla2.png,Tesla2.png,Tesla2.png
Tesla20.png,Tesla20.png,Tesla20.png
Tesla21.png,Tesla21.png,Tesla21.png
Tesla22.png,Tesla22.png,Tesla22.png
Tesla23.png,Tesla23.png,Tesla23.png
Tesla24.png,Tesla24.png,Tesla24.png
Tesla25.png,Tesla25.png,Tesla25.png
Tesla26.png,Tesla26.png,Tesla26.png
Tesla3.png,Tesla3.png,Tesla3.png
Tesla4.png,Tesla4.png,Tesla4.png
Tesla5.png,Tesla5.png,Tesla5.png
Tesla6.png,Tesla6.png,Tesla6.png
Tesla7.png,Tesla7.png,Tesla7.png
Tesla8.png,Tesla8.png,Tesla8.png
Tesla9.png,Tesla9.png,Tesla9.png
Toyota1.png,Toyota1.png,Toyota1.png
Toyota10.png,Toyota10.png,Toyota10.png
Toyota11.png,Toyota11.png,Toyota11.png
Toyota12.png,Toyota12.png,Toyota12.png
Toyota13.png,Toyota13.png,Toyota13.png
Toyota14.png,Toyota14.png,Toyota14.png
Toyota15.png,Toyota15.png,Toyota15.png
Toyota16.png,Toyota16.png,Toyota16.png
Toyota17.png,Toyota17.png,Toyota17.png
Toyota18.png,Toyota18.png,Toyota18.png
Toyota19.jpg,Toyota19.jpg,Toyota19.jpg
Toyota2.png,Toyota2.png,Toyota2.png
Toyota20.png,Toyota20.png,Toyota20.png
Toyota21.jpg,Toyota21.jpg,Toyota21.jpg
Toyota22.png,Toyota22.png,Toyota22.png
Toyota23.png,Toyota23.png,Toyota23.png
Toyota24.png,Toyota24.png,Toyota24.png
Toyota25.png,Toyota25.png,Toyota25.png
Toyota26.png,Toyota26.png,Toyota26.png
Toyota27.png,Toyota27.png,Toyota27.png
Toyota28.png,Toyota28.png,Toyota28.png
Toyota29.png,Toyota29.png,Toyota29.png
Toyota3.png,Toyota3.png,Toyota3.png
Toyota30.png,Toyota30.png,Toyota30.png
Toyota4.png,Toyota4.png,Toyota4.png
Toyota5.png,Toyota5.png,Toyota5.png
Toyota6,Toyota6_1.png,Toyota6_1.png
Toyota7.png,Toyota7.png,Toyota7.png
Toyota8,Toyota8_1.png,Toyota8_1.png
Toyota9.png,Toyota9.png,Toyota9.png
Visa1.png,Visa1.png,Visa1.png
Visa10.png,Visa10.png,Visa10.png
Visa11.png,Visa11.png,Visa11.png
Visa12.png,Visa12.png,Visa12.png
Visa13.png,Visa13.png,Visa13.png
Visa14.png,Visa14.png,Visa14.png
Visa15.png,Visa15.png,Visa15.png
Visa16.png,Visa16.png,Visa16.png
Visa17.png,Visa17.png,Visa17.png
Visa18.png,Visa18.png,Visa18.png
Visa19.png,Visa19.png,Visa19.png
Visa2.png,Visa2.png,Visa2.png
Visa20.png,Visa20.png,Visa20.png
Visa21.png,Visa21.png,Visa21.png
Visa22.png,Visa22.png,Visa22.png
Visa23.png,Visa23.png,Visa23.png
Visa24.png,Visa24.png,Visa24.png
Visa25.png,Visa25.png,Visa25.png
Visa3.png,Visa3.png,Visa3.png
Visa4.png,Visa4.png,Visa4.png
Visa5.png,Visa5.png,Visa5.png
Visa6.png,Visa6.png,Visa6.png
Visa7.png,Visa7.png,Visa7.png
Visa8.png,Visa8.png,Visa8.png
Visa9.png,Visa9.png,Visa9.png
Youtube1.png,Youtube1.png,Youtube1.png
Youtube10.png,Youtube10.png,Youtube10.png
Youtube11.png,Youtube11.png,Youtube11.png
Youtube12.png,Youtube12.png,Youtube12.png
Youtube13.png,Youtube13.png,Youtube13.png
Youtube14.png,Youtube14.png,Youtube14.png
Youtube15.png,Youtube15.png,Youtube15.png
Youtube16.png,Youtube16.png,Youtube16.png
Youtube17.png,Youtube17.png,Youtube17.png
Youtube18.png,Youtube18.png,Youtube18.png
Youtube19.png,Youtube19.png,Youtube19.png
Youtube2.png,Youtube2.png,Youtube2.png
Youtube20.png,Youtube20.png,Youtube20.png
Youtube21.png,Youtube21.png,Youtube21.png
Youtube22.png,Youtube22.png,Youtube22.png
Youtube23.png,Youtube23.png,Youtube23.png
Youtube24.png,Youtube24.png,Youtube24.png
Youtube25.png,Youtube25.png,Youtube25.png
Youtube26.png,Youtube26.png,Youtube26.png
Youtube27.png,Youtube27.png,Youtube27.png
Youtube28.png,Youtube28.png,Youtube28.png
Youtube29.png,Youtube29.png,Youtube29.png
Youtube3.png,Youtube3.png,Youtube3.png
Youtube30.png,Youtube30.png,Youtube30.png
Youtube31.png,Youtube31.png,Youtube31.png
Youtube32.png,Youtube32.png,Youtube32.png
Youtube4.png,Youtube4.png,Youtube4.png
Youtube5.png,Youtube5.png,Youtube5.png
Youtube6.png,Youtube6.png,Youtube6.png
Youtube7.png,Youtube7.png,Youtube7.png
Youtube8.png,Youtube8.png,Youtube8.png
Youtube9.png,Youtube9.png,Youtube9.png
